<?xml version="1.0" encoding="UTF-8"?>
<project-private xmlns="http://www.netbeans.org/ns/project-private/1">
    <editor-bookmarks xmlns="http://www.netbeans.org/ns/editor-bookmarks/2" lastBookmarkId="0"/>
    <open-files xmlns="http://www.netbeans.org/ns/projectui-open-files/2">
        <group>
            <file>file:/C:/Users/hp/Documents/NetBeansProjects/Metodos%20Numericos/src/metodos/numericos/newtonRaphson.java</file>
            <file>file:/C:/Users/hp/Documents/NetBeansProjects/Metodos%20Numericos/src/metodos/numericos/InterNewton.java</file>
            <file>file:/C:/Users/hp/Documents/NetBeansProjects/Metodos%20Numericos/src/metodos/numericos/menu.java</file>
            <file>file:/C:/Users/hp/Documents/NetBeansProjects/Metodos%20Numericos/src/metodos/numericos/lee.java</file>
            <file>file:/C:/Users/hp/Documents/NetBeansProjects/Metodos%20Numericos/src/metodos/numericos/fuera.java</file>
            <file>file:/C:/Users/hp/Documents/NetBeansProjects/Metodos%20Numericos/src/metodos/numericos/MetodosNumericos.java</file>
            <file>file:/C:/Users/hp/Documents/NetBeansProjects/Metodos%20Numericos/src/metodos/numericos/leeint.java</file>
        </group>
    </open-files>
</project-private>
